id,label,text
1,ham,Your package arrived this afternoon.
2,spam,Special promotion: Get a free gift when you click this link.
3,ham,I'll send the documents after dinner.
4,spam,You are one of our selected winners. Claim your gift immediately.
5,spam,Your account qualifies for a special cash reward.
6,spam,Congratulations winner! Call now to receive your reward.
7,spam,FREE trial available today. Sign up now.
8,ham,The weather looks nice today.
9,ham,Please remind me about the appointment tomorrow.
10,spam,You have won a luxury gift. Reply YES to receive it.
11,spam,Congratulations! You are today's top prize winner.
12,ham,Thanks for helping me with the project.
13,ham,Did you complete the registration form?
14,ham,We should start the project this week.
15,spam,URGENT: Your reward will expire today. Claim immediately.
16,ham,I enjoyed talking with you today.
17,spam,FREE entry! You could win a new car. Register now.
18,ham,Are you free for a quick call this evening?
19,spam,WINNER ALERT! Claim your prize before the deadline.
20,ham,The assignment deadline is Friday.
21,spam,You are today's lucky customer! Receive your prize now.
22,spam,FREE gift card available. Redeem before it expires.
23,ham,The doctor appointment is at 4 PM.
24,spam,"Claim a FREE gift card worth ₹5,000 today."
25,ham,Please bring an umbrella; it may rain.
26,ham,Can you help me choose a laptop?
27,spam,"Congratulations! You qualify for a ₹25,000 bonus."
28,spam,You could be our next millionaire! Enter the contest now.
29,spam,Exclusive deal! Buy one and get five FREE.
30,spam,Lucky draw winner! Contact our prize team now.
31,ham,The manager asked us to submit the report.
32,ham,I'll message you when I get home.
33,spam,Special bonus available for a limited number of users.
34,ham,The interview went well.
35,ham,I reached safely. See you tomorrow.
36,spam,FREE reward unlocked! Click to receive it.
37,ham,I'll call you once I finish work.
38,spam,You are eligible for a guaranteed bonus. Register immediately.
39,ham,The train is running ten minutes late.
40,spam,Urgent! Your prize is about to expire. Claim it now.
41,spam,Limited slots available. Register now for a guaranteed reward.
42,ham,Don't forget to bring your laptop.
43,ham,Please let me know if anything changes.
44,spam,Your bonus is waiting. Click now to activate it.
45,spam,Congratulations! Your mobile number has won a special prize.
46,spam,FREE cash reward waiting for you. Act now.
47,ham,Please let me know when you are free.
48,spam,Congratulations! Your account has been selected for a reward.
49,ham,Can you pick up some milk on your way home?
50,ham,"Thanks, I received the file."
51,spam,Special offer: Get premium access at no cost today.
52,ham,Can you print two copies of this document?
53,ham,I am cooking dinner tonight.
54,spam,Urgent: Confirm your eligibility for a cash reward.
55,ham,Can you check this code for me?
56,ham,Can you bring my notebook tomorrow?
57,ham,Let's meet at the usual place.
58,ham,Can you share the Wi-Fi password?
59,spam,Limited time only: Get a huge discount on your next purchase.
60,spam,Urgent response required to receive your cash prize.
61,ham,I am on my way now.
62,spam,Special deal just for you: 95% OFF today.
63,ham,I'll be working from home tomorrow.
64,ham,I'll call you after my class.
65,ham,Good luck with your exam tomorrow.
66,spam,Congratulations! You won a brand new tablet.
67,ham,I left my charger on your desk.
68,spam,Congratulations! Your reward has been approved.
69,spam,Congratulations! You have been selected for our jackpot.
70,ham,The presentation looks good to me.
71,spam,Congratulations! You have won a shopping spree.
72,ham,The meeting room has changed to Room 204.
73,spam,"Congratulations! You won a ₹10,000 prize! Claim now."
74,ham,"Good morning, how are you doing today?"
75,ham,Please update me when the package arrives.
76,spam,You won! Reply CLAIM to receive your cash reward.
77,spam,Lucky winner announcement! Your prize is ready.
78,spam,Congratulations! You are eligible for a special reward.
79,ham,Can you help me install Python?
80,spam,You have won our weekly lottery. Send your details to claim.
81,ham,What time should we leave?
82,spam,Congratulations on being selected for our premium reward.
83,spam,You have a surprise gift waiting. Open this message now.
84,ham,We can meet near the coffee shop.
85,ham,The meeting has been moved to Friday.
86,spam,Your exclusive gift is waiting. Click to claim.
87,spam,Your exclusive bonus is ready to activate.
88,ham,Can you review the report before lunch?
89,ham,Let's have lunch together today.
90,spam,"You have won ₹50,000! Contact us immediately to receive your money."
91,ham,The class starts at 10 AM tomorrow.
92,ham,Please check your email when you get a chance.
93,ham,Let's finish this task together.
94,spam,Final chance to win a fantastic prize. Enter now!
95,spam,Don't miss your chance to receive a FREE prize.
96,spam,Special cash offer! Receive money instantly after registration.
97,ham,Please send me the address of the office.
98,ham,Can you send me your notes from class?
99,spam,URGENT! You have been selected for a FREE gift. Click now!
100,spam,Your reward account has been credited. Click to collect.
101,ham,"Hey, are we still meeting at 5 PM?"
102,spam,Win ₹1 lakh in our special promotion. Enter now.
103,spam,FREE concert tickets available. Claim before they run out.
104,ham,I'll send the payment receipt shortly.
105,spam,Claim your FREE shopping voucher before midnight.
106,ham,Let's talk about the budget tomorrow.
107,ham,Let's meet at the library after class.
108,spam,Act fast! This amazing discount ends in one hour.
109,ham,I will finish the work by tonight.
110,ham,Are you coming to the party tonight?
111,spam,Win a luxury holiday by entering our FREE contest.
112,spam,Exclusive VIP offer: Claim your FREE membership today.
113,spam,"Lucky winner! You have been chosen for ₹75,000."
114,ham,Could you explain this question to me?
115,ham,Please bring your ID card to the office.
116,spam,Urgent! Complete the form to receive your reward.
117,spam,"Get 80% OFF everything today. Hurry, offer ends tonight!"
118,ham,Are we still going for dinner tonight?
119,spam,FREE coupon waiting for you. Click the link to redeem.
120,ham,Please send the updated spreadsheet.
121,ham,I will be offline for the next hour.
122,ham,Please send me the meeting link.
123,ham,I hope you have a great weekend.
124,spam,Your FREE reward is ready. Click here to collect it.
125,spam,Get instant cash today with our special offer!
126,ham,Thanks for the quick response.
127,ham,The workshop was very useful today.
128,spam,You have won a special customer appreciation prize.
129,spam,Claim your exclusive FREE offer before midnight.
130,ham,I'll finish the report before the deadline.
131,ham,The electricity is back now.
132,spam,You have won a special holiday package. Contact us now.
133,ham,The bus should arrive in five minutes.
134,spam,Exclusive promotion just for you. Get your FREE voucher.
135,ham,Please call me when you reach home.
136,spam,Claim your bonus now before it expires!
137,ham,Thanks for sending the information.
138,spam,FREE tickets available! Reserve yours before they are gone.
139,spam,Congratulations! You qualify for a FREE upgrade.
140,spam,Don't miss this deal! Get your FREE gift today.
141,spam,Your winning number has been selected. Call now.
142,ham,The team meeting starts at 3 PM.
143,ham,I need to buy groceries after work.
144,ham,I ordered dinner for everyone.
145,ham,I'll be late by about 15 minutes.
146,spam,Limited offer! Get 90% discount today only.
147,ham,Please check the attached document.
148,ham,Can you remind me to call Mom?
149,spam,Get a FREE travel voucher by clicking here.
150,spam,Claim your FREE subscription today. Limited places.
151,ham,I just arrived at the airport.
152,ham,Happy birthday! Have a wonderful day.
153,ham,I finished the assignment and uploaded it.
154,ham,Please save a copy of the presentation.
155,spam,Your prize is reserved. Click to confirm your claim.
156,spam,"Claim ₹15,000 cash instantly. Offer expires soon."
157,ham,Did you watch the match yesterday?
158,ham,The movie starts at 7:30 PM.
159,spam,Final warning: Your promotional reward expires today.
160,spam,Urgent offer: Verify your details to receive your prize.
161,spam,"Get instant ₹20,000 bonus. Apply now!"
162,spam,You have been chosen for a special cash giveaway.
163,ham,I'll be there in about twenty minutes.
164,ham,I'll bring the books tomorrow.
165,spam,Act now! You have been chosen for an exclusive cash reward.
166,ham,Can we reschedule our appointment?
167,spam,Exclusive discount code available. Use it before midnight.
168,ham,I'll meet you outside the station.
169,ham,Do you need any help with the assignment?
170,ham,Can you book a table for four?
171,ham,I have attached the notes from today's meeting.
172,ham,Can you check whether the printer is working?
173,spam,You have been selected for a secret reward. Claim immediately.
174,spam,Instant cash available now. Apply before the offer ends.
175,spam,You have been selected for a FREE membership.
176,ham,The exam is scheduled for next Monday.
177,spam,Click now to unlock your FREE bonus.
178,spam,You are a lucky winner! Confirm your details now.
179,ham,Can you send me the project file?
180,ham,Please remember to lock the door.
181,spam,FREE smartphone giveaway! Register today to participate.
182,spam,WIN BIG today! Enter our lucky draw now.
183,spam,Get a guaranteed cash bonus by completing this short form.
184,spam,Get a FREE vacation package now. Limited time offer!
185,ham,I received your message this morning.
186,spam,You have been chosen to receive a cash prize. Reply NOW.
187,ham,I'll share the photos later.
188,ham,I have a meeting at noon.
189,spam,Final notice! Claim your prize before it is too late.
190,spam,You have been selected for a guaranteed prize. Respond now.
191,ham,Can we discuss this tomorrow morning?
192,spam,Your bonus offer expires in a few hours. Act fast!
193,ham,Have you reached the office?
194,spam,WINNER! You have won a brand new smartphone. Reply YES to claim.
195,ham,Let me know when you are available.
196,ham,I am available after 6 PM.
197,spam,Claim your shopping voucher immediately. Limited availability.
198,spam,You are the lucky winner of our cash reward. Claim today!
